user_name,user_pwd,logged_in,title,artist_name,artist.hottness,duration,familiarity,key,loudness,mode,tempo,time_signature,label
u1,ec6ef230f1828039ee794566b9c58adc,1,Amor De Cabaret,Sonora Santanera,0.343428378,177.47546,0.487356791,8,-9.689,1,100.07,1,0
u2,1d665b9b1467944c128a5575119d1cfd,1,Soul Deep,The Box Tops,0.417499645,148.03546,0.630630038,6,-9.843,0,121.274,4,0
u2,1d665b9b1467944c128a5575119d1cfd,1,Amor De Cabaret,Sonora Santanera,0.343428378,177.47546,0.487356791,8,-9.689,1,100.07,1,0
u2,1d665b9b1467944c128a5575119d1cfd,1,The Moon And I (Ordinary Day Album Version),Jeff And Sheri Easter,0.385470551,267.7024,0.535292736,5,-9.323,1,147.782,3,0
u2,1d665b9b1467944c128a5575119d1cfd,1,Something Girls,Adam Ant,0.454231157,233.40363,0.630382334,0,-9.013,1,119.293,4,0
u1,ec6ef230f1828039ee794566b9c58adc,1,Amor De Cabaret,Sonora Santanera,0.343428378,177.47546,0.487356791,8,-9.689,1,100.07,1,0
u1,ec6ef230f1828039ee794566b9c58adc,1,Amor De Cabaret,Sonora Santanera,0.343428378,177.47546,0.487356791,8,-9.689,1,100.07,1,0